VDNKFNKELQNAVYEILHLPNLNEEQRNAFFQSLKDDPSQSANLLAEAKKLNDAQAPK,VDNKFNKEFSVAGREIITLPNLNDPQKKAFVISLWDDPSQSANLLAEAKKLNDAQAPK
VDNKFNKELQNAVYEILHLPNLNEEQRNAFFQSLKDDPSQSANLLAEAKKLNDAQAPK,VDNKFNKEFSVAGREIITLPNLNDPQKKAFIKSLWDDPSQSANLLAEAKKLNDAQAPK
VDNKFNKELQNAVYEILHLPNLNEEQRNAFFQSLKDDPSQSANLLAEAKKLNDAQAPK,VDNKFNKEFSVAGREIITLPNLNDPQKKAFIVSLWDDPSQSANLLAEAKKLNDAQAPK
VDNKFNKELQNAVYEILHLPNLNEEQRNAFFQSLKDDPSQSANLLAEAKKLNDAQAPK,VDNKFNKEFSVAGREIITLPNLNDPQKKAFVKSLWDDPSQSANLLAEAKKLNDAQAPK
VDNKFNKELQNAVYEILHLPNLNEEQRNAFFQSLKDDPSQSANLLAEAKKLNDAQAPK,VDNKFNKEFSVAGREIITLPNLNDPQKKAFIISLWDDPSQSANLLAEAKKLNDAQAPK
VDNKFNKELQNAVYEILHLPNLNEEQRNAFFQSLKDDPSQSANLLAEAKKLNDAQAPK,VDNKFNKEFSVAGREIITLPNLNDPQKKAFVNSLWDDPSQSANLLAEAKKLNDAQAPK
VDNKFNKELQNAVYEILHLPNLNEEQRNAFFQSLKDDPSQSANLLAEAKKLNDAQAPK,VDNKFNKEFSVAGREIITLPNLNDPQKKAFINSLWDDPSQSANLLAEAKKLNDAQAPK
VDNKFNKELQNAVYEILHLPNLNEEQRNAFFQSLKDDPSQSANLLAEAKKLNDAQAPK,VDNKFNKEFSVAGREIITLPNLNDPQKKAFVVSLWDDPSQSANLLAEAKKLNDAQAPK
VDNKFNKELQNAVYEILHLPNLNEEQRNAFFQSLKDDPSQSANLLAEAKKLNDAQAPK,VDNKFNKEFSVAGREIVTLPNLNDPQKKAFIISLWDDPSQSANLLAEAKKLNDAQAPK
VDNKFNKELQNAVYEILHLPNLNEEQRNAFFQSLKDDPSQSANLLAEAKKLNDAQAPK,VDNKFNKEFSVAGREIITLPNLNDPQKKAFVYSLWDDPSQSANLLAEAKKLNDAQAPK
VDNKFNKELQNAVYEILHLPNLNEEQRNAFFQSLKDDPSQSANLLAEAKKLNDAQAPK,VDNKFNKEFSVAGREIITLPNLNDPQKKAFVLSLWDDPSQSANLLAEAKKLNDAQAPK
VDNKFNKELQNAVYEILHLPNLNEEQRNAFFQSLKDDPSQSANLLAEAKKLNDAQAPK,VDNKFNKEFSVAGREIITLPNLNDPQKKAFVFSLWDDPSQSANLLAEAKKLNDAQAPK
VDNKFNKELQNAVYEILHLPNLNEEQRNAFFQSLKDDPSQSANLLAEAKKLNDAQAPK,VDNKFNKEFSVAGREIITLPNLNDPQKKAFVHSLWDDPSQSANLLAEAKKLNDAQAPK
VDNKFNKELQNAVYEILHLPNLNEEQRNAFFQSLKDDPSQSANLLAEAKKLNDAQAPK,VDNKFNKEFSVAGREIITLPNLNDPQKKAFIHSLWDDPSQSANLLAEAKKLNDAQAPK
VDNKFNKELQNAVYEILHLPNLNEEQRNAFFQSLKDDPSQSANLLAEAKKLNDAQAPK,VDNKFNKEFSVAGREIITLPNLNDPQKKAFIQSLWDDPSQSANLLAEAKKLNDAQAPK
VDNKFNKELQNAVYEILHLPNLNEEQRNAFFQSLKDDPSQSANLLAEAKKLNDAQAPK,VDNKFNKEFSVAGREIITLPNLNDPQKKAFIFSLWDDPSQSANLLAEAKKLNDAQAPK
VDNKFNKELQNAVYEILHLPNLNEEQRNAFFQSLKDDPSQSANLLAEAKKLNDAQAPK,VDNKFNKEFSVAGREIITLPNLNDPQKKAFILSLWDDPSQSANLLAEAKKLNDAQAPK
VDNKFNKELQNAVYEILHLPNLNEEQRNAFFQSLKDDPSQSANLLAEAKKLNDAQAPK,VDNKFNKEFSVAGREIVTLPNLNDPQKKAFIFSLWDDPSQSANLLAEAKKLNDAQAPK
VDNKFNKELQNAVYEILHLPNLNEEQRNAFFQSLKDDPSQSANLLAEAKKLNDAQAPK,VDNKFNKEFSVAGREIVTLPNLNDPQKKAFVISLWDDPSQSANLLAEAKKLNDAQAPK
VDNKFNKELQNAVYEILHLPNLNEEQRNAFFQSLKDDPSQSANLLAEAKKLNDAQAPK,VDNKFNKEFSVAGREIVTLPNLNDPQKKAFIKSLWDDPSQSANLLAEAKKLNDAQAPK
VDNKFNKELQNAVYEILHLPNLNEEQRNAFFQSLKDDPSQSANLLAEAKKLNDAQAPK,VDNKFNKEFSVAGREIVTLPNLNDPQKKAFIVSLWDDPSQSANLLAEAKKLNDAQAPK
VDNKFNKELQNAVYEILHLPNLNEEQRNAFFQSLKDDPSQSANLLAEAKKLNDAQAPK,VDNKFNKEFSVAGREIITLPNLNDPQKKAFIYSLWDDPSQSANLLAEAKKLNDAQAPK
VDNKFNKELQNAVYEILHLPNLNEEQRNAFFQSLKDDPSQSANLLAEAKKLNDAQAPK,VDNKFNKEFSVAGREIVTLPNLNDPQKKAFVKSLWDDPSQSANLLAEAKKLNDAQAPK
VDNKFNKELQNAVYEILHLPNLNEEQRNAFFQSLKDDPSQSANLLAEAKKLNDAQAPK,VDNKFNKEFSVAGREIITLPNLNDPQKKAFLISLWDDPSQSANLLAEAKKLNDAQAPK
VDNKFNKELQNAVYEILHLPNLNEEQRNAFFQSLKDDPSQSANLLAEAKKLNDAQAPK,VDNKFNKEFSVAGREIVTLPNLNDPQKKAFVYSLWDDPSQSANLLAEAKKLNDAQAPK
VDNKFNKELQNAVYEILHLPNLNEEQRNAFFQSLKDDPSQSANLLAEAKKLNDAQAPK,VDNKFNKEFSVAGREIITLPNLNDPQKKAFIESLWDDPSQSANLLAEAKKLNDAQAPK
VDNKFNKELQNAVYEILHLPNLNEEQRNAFFQSLKDDPSQSANLLAEAKKLNDAQAPK,VDNKFNKEFSVAGREIVTLPNLNDPQKKAFVNSLWDDPSQSANLLAEAKKLNDAQAPK
VDNKFNKEVQNAFYEILHLPNLNEEQRNAFFQSLKDDPSQSANLLAEAKKLNDAQAPK,VDNKFNKEFSVAGREIITLPNLNDPQKKAFIKSLWDDPSQSANLLAEAKKLNDAQAPK
VDNKFNKELQNAVYEILHLPNLNEEQRNAFFQSLKDDPSQSANLLAEAKKLNDAQAPK,VDNKFNKEFSVAGREIITLPNLNDPQKKAFLVSLWDDPSQSANLLAEAKKLNDAQAPK
VDNKFNKELQNAVYEILHLPNLNEEQRNAFFQSLKDDPSQSANLLAEAKKLNDAQAPK,VDNKFNKEFSVAGREIVTLPNLNDPQKKAFINSLWDDPSQSANLLAEAKKLNDAQAPK
VDNKFNKEVQNAFYEILHLPNLNEEQRNAFVQSLKDDPSQSANLLAEAKKLNDAQAPK,VDNKFNKEISVAGREIVTLPNLNDPQKKAFVYSLWDDPSQSANLLAEAKKLNDAQAPK
VDNKFNKELQNAVYEILHLPNLNEEQRNAFFQSLKDDPSQSANLLAEAKKLNDAQAPK,VDNKFNKEFSVAGREIITLPNLNDPQKKAFKISLWDDPSQSANLLAEAKKLNDAQAPK
VDNKFNKELQNAVYEILHLPNLNEEQRNAFFQSLKDDPSQSANLLAEAKKLNDAQAPK,VDNKFNKEISVAGREIVTLPNLNDPQKKAFVISLWDDPSQSANLLAEAKKLNDAQAPK
VDNKFNKELQNAVYEILHLPNLNEEQRNAFFQSLKDDPSQSANLLAEAKKLNDAQAPK,VDNKFNKEFSVAGREIVTLPNLNDPQKKAFVVSLWDDPSQSANLLAEAKKLNDAQAPK
VDNKFNKELQNAVYEILHLPNLNEEQRNAFFQSLKDDPSQSANLLAEAKKLNDAQAPK,VDNKFNKEISVAGREIVTLPNLNDPQKKAFIISLWDDPSQSANLLAEAKKLNDAQAPK
VDNKFNKELQNAVYEILHLPNLNEEQRNAFFQSLKDDPSQSANLLAEAKKLNDAQAPK,VDNKFNKEFSVAGREIITLPNLNDPQKKAFVQSLWDDPSQSANLLAEAKKLNDAQAPK
VDNKFNKELQNAVYEILHLPNLNEEQRNAFFQSLKDDPSQSANLLAEAKKLNDAQAPK,VDNKFNKEFSVAGREIVTLPNLNDPQKKAFVLSLWDDPSQSANLLAEAKKLNDAQAPK
VDNKFNKELQNAVYEILHLPNLNEEQRNAFFQSLKDDPSQSANLLAEAKKLNDAQAPK,VDNKFNKEFSVAGREIITLPNLNDPQKKAFNKSLWDDPSQSANLLAEAKKLNDAQAPK
VDNKFNKELQNAVYEILHLPNLNEEQRNAFVQSLKDDPSQSANLLAEAKKLNDAQAPK,VDNKFNKEISVAGREIVTLPNLNDPQKKAFVYSLWDDPSQSANLLAEAKKLNDAQAPK
VDNKFNKELQNAVYEILHLPNLNEEQRNAFFQSLKDDPSQSANLLAEAKKLNDAQAPK,VDNKFNKEFSVAGREIETLPNLNDPQKKAFLISLWDDPSQSANLLAEAKKLNDAQAPK
VDNKFNKELQNAVYEILHLPNLNEEQRNAFFQSLKDDPSQSANLLAEAKKLNDAQAPK,VDNKFNKEISVAGREIITLPNLNDPQKKAFIISLWDDPSQSANLLAEAKKLNDAQAPK
VDNKFNKELQNAVYEILHLPNLNEEQRNAFFQSLKDDPSQSANLLAEAKKLNDAQAPK,VDNKFNKEFSVAGREIVTLPNLNDPQKKAFIYSLWDDPSQSANLLAEAKKLNDAQAPK
VDNKFNKELQNAVYEILHLPNLNEEQRNAFFQSLKDDPSQSANLLAEAKKLNDAQAPK,VDNKFNKEYSVAGREIITLPNLNDPQKKAFIKSLWDDPSQSANLLAEAKKLNDAQAPK
VDNKFNKELQNAVYEILHLPNLNEEQRNAFFQSLKDDPSQSANLLAEAKKLNDAQAPK,VDNKFNKELSVAGREIVTLPNLNDPQKKAFVISLWDDPSQSANLLAEAKKLNDAQAPK
VDNKFNKELQNAVYEILHLPNLNEEQRNAFFQSLKDDPSQSANLLAEAKKLNDAQAPK,VDNKFNKEFSVAGREIITLPNLNDPQKKAFDISLWDDPSQSANLLAEAKKLNDAQAPK
VDNKFNKELQNAVYEILHLPNLNEEQRNAFNQSLKDDPSQSANLLAEAKKLNDAQAPK,VDNKFNKEFSVAGREIITLPNLNDPQKKAFVISLWDDPSQSANLLAEAKKLNDAQAPK
VDNKFNKELQNAVYEILHLPNLNEEQRNAFFQSLKDDPSQSANLLAEAKKLNDAQAPK,VDNKFNKEYSVAGREIITLPNLNDPQKKAFVISLWDDPSQSANLLAEAKKLNDAQAPK
VDNKFNKELQNAVYEILHLPNLNEEQRNAFFQSLKDDPSQSANLLAEAKKLNDAQAPK,VDNKFNKEFSVAGREIVTLPNLNDPQKKAFVFSLWDDPSQSANLLAEAKKLNDAQAPK
VDNKFNKEVQNAVYEIFHLPNLNEEQRNAFLQSLKDDPSQSANLLAEAKKLNDAQAPK,VDNKFNKELSVAGREIETLPNLNDPQKKAFLISLWDDPSQSANLLAEAKKLNDAQAPK
VDNKFNKELQNAVYEILHLPNLNEEQRNAFFQSLKDDPSQSANLLAEAKKLNDAQAPK,VDNKFNKEYSVAGREIITLPNLNDPQKKAFIISLWDDPSQSANLLAEAKKLNDAQAPK
VDNKFNKELQNAVYEILHLPNLNEEQRNAFFQSLKDDPSQSANLLAEAKKLNDAQAPK,VDNKFNKEFSVAGREIKTLPNLNDPQKKAFIKSLWDDPSQSANLLAEAKKLNDAQAPK
VDNKFNKELQNAVYEILHLPNLNEEQRNAFFQSLKDDPSQSANLLAEAKKLNDAQAPK,VDNKFNKEFSVAGREIITLPNLNDPQKKAFNISLWDDPSQSANLLAEAKKLNDAQAPK
VDNKFNKELQNAVYEILHLPNLNEEQRNAFFQSLKDDPSQSANLLAEAKKLNDAQAPK,VDNKFNKELSVAGREIETLPNLNDPQKKAFVKSLWDDPSQSANLLAEAKKLNDAQAPK
VDNKFNKELQNAVYEILHLPNLNEEQRNAFFQSLKDDPSQSANLLAEAKKLNDAQAPK,VDNKFNKEFSVAGREIVTLPNLNDPQKKAFIQSLWDDPSQSANLLAEAKKLNDAQAPK
VDNKFNKELQNAVYEILHLPNLNEEQRNAFFQSLKDDPSQSANLLAEAKKLNDAQAPK,VDNKFNKELSVAGREIETLPNLNDPQKKAFVISLWDDPSQSANLLAEAKKLNDAQAPK
VDNKFNKELQNAVYEILHLPNLNEEQRNAFLQSLKDDPSQSANLLAEAKKLNDAQAPK,VDNKFNKELSVAGREIETLPNLNDPQKKAFLISLWDDPSQSANLLAEAKKLNDAQAPK
VDNKFNKELQNAVYEILHLPNLNEEQRNAFFQSLKDDPSQSANLLAEAKKLNDAQAPK,VDNKFNKEVSVAGREIITLPNLNDPQKKAFIKSLWDDPSQSANLLAEAKKLNDAQAPK
VDNKFNKELQNAVYEILHLPNLNEEQRNAFFQSLKDDPSQSANLLAEAKKLNDAQAPK,VDNKFNKEVSVAGREIITLPNLNDPQKKAFIVSLWDDPSQSANLLAEAKKLNDAQAPK
VDNKFNKELQNAVYEILHLPNLNEEQRNAFFQSLKDDPSQSANLLAEAKKLNDAQAPK,VDNKFNKEFSVAGREIKTLPNLNDPQKKAFIISLWDDPSQSANLLAEAKKLNDAQAPK
VDNKFNKELQNAVYEIFHLPNLNEEQRNAFFQSLKDDPSQSANLLAEAKKLNDAQAPK,VDNKFNKEFSVAGREIITLPNLNDPQKKAFLVSLWDDPSQSANLLAEAKKLNDAQAPK
VDNKFNKELQNAVYEILHLPNLNEEQRNAFVQSLKDDPSQSANLLAEAKKLNDAQAPK,VDNKFNKEFSVAGREIITLPNLNDPQKKAFIFSLWDDPSQSANLLAEAKKLNDAQAPK
VDNKFNKELQNAIYEILHLPNLNEEQRNAFFQSLKDDPSQSANLLAEAKKLNDAQAPK,VDNKFNKEFSVAGREIITLPNLNDPQKKAFIISLWDDPSQSANLLAEAKKLNDAQAPK
VDNKFNKEVQNAFYEILHLPNLNEEQRNAFVQSLKDDPSQSANLLAEAKKLNDAQAPK,VDNKFNKEISVAGREIVTLPNLNDPQKKAFIVSLWDDPSQSANLLAEAKKLNDAQAPK
VDNKFNKELQNAVYEIIHLPNLNEEQRNAFNQSLKDDPSQSANLLAEAKKLNDAQAPK,VDNKFNKEFSVAGREIITLPNLNDPQKKAFVKSLWDDPSQSANLLAEAKKLNDAQAPK
VDNKFNKEVQNAFYEILHLPNLNEEQRNAFVQSLKDDPSQSANLLAEAKKLNDAQAPK,VDNKFNKELSVAGREIVTLPNLNDPQKKAFIYSLWDDPSQSANLLAEAKKLNDAQAPK
VDNKFNKELQNAVYEILHLPNLNEEQRNAFVQSLKDDPSQSANLLAEAKKLNDAQAPK,VDNKFNKELSVAGREIVTLPNLNDPQKKAFVYSLWDDPSQSANLLAEAKKLNDAQAPK
VDNKFNKELQNAVYEILHLPNLNEEQRNAFVQSLKDDPSQSANLLAEAKKLNDAQAPK,VDNKFNKEISVAGREIVTLPNLNDPQKKAFIKSLWDDPSQSANLLAEAKKLNDAQAPK
VDNKFNKELQNAVYEILHLPNLNEEQRNAFVQSLKDDPSQSANLLAEAKKLNDAQAPK,VDNKFNKEISVAGREIVTLPNLNDPQKKAFIYSLWDDPSQSANLLAEAKKLNDAQAPK
VDNKFNKEVQNAFYEILHLPNLNEEQRNAFVQSLKDDPSQSANLLAEAKKLNDAQAPK,VDNKFNKELSVAGREIVTLPNLNDPQKKAFVYSLWDDPSQSANLLAEAKKLNDAQAPK
VDNKFNKELQNAEYEILHLPNLNEEQRNAFFQSLKDDPSQSANLLAEAKKLNDAQAPK,VDNKFNKEFSVAGREIITLPNLNDPQKKAFVKSLWDDPSQSANLLAEAKKLNDAQAPK
VDNKFNKEVQNAFYEILHLPNLNEEQRNAFVQSLKDDPSQSANLLAEAKKLNDAQAPK,VDNKFNKEISVAGREIVTLPNLNDPQKKAFVKSLWDDPSQSANLLAEAKKLNDAQAPK
VDNKFNKEVQNAFYEILHLPNLNEEQRNAFVQSLKDDPSQSANLLAEAKKLNDAQAPK,VDNKFNKEISVAGREIVTLPNLNDPQKKAFIYSLWDDPSQSANLLAEAKKLNDAQAPK
VDNKFNKELQNAVYEILHLPNLNEEQRNAFVQSLKDDPSQSANLLAEAKKLNDAQAPK,VDNKFNKEISVAGREIITLPNLNDPQKKAFIKSLWDDPSQSANLLAEAKKLNDAQAPK
VDNKFNKELQNAVYEILHLPNLNEEQRNAFVQSLKDDPSQSANLLAEAKKLNDAQAPK,VDNKFNKEISVAGREIVTLPNLNDPQKKAFIVSLWDDPSQSANLLAEAKKLNDAQAPK
VDNKFNKELQNAVYEILHLPNLNEEQRNAFVQSLKDDPSQSANLLAEAKKLNDAQAPK,VDNKFNKEISVAGREIVTLPNLNDPQKKAFVISLWDDPSQSANLLAEAKKLNDAQAPK
VDNKFNKEIQNAVYEIFHLPNLNEEQRNAFFQSLKDDPSQSANLLAEAKKLNDAQAPK,VDNKFNKEFSVAGREIITLPNLNDPQKKAFVKSLWDDPSQSANLLAEAKKLNDAQAPK
VDNKFNKEHQNAVYEILHLPNLNEEQRNAFFQSLKDDPSQSANLLAEAKKLNDAQAPK,VDNKFNKEFSVAGREIITLPNLNDPQKKAFIKSLWDDPSQSANLLAEAKKLNDAQAPK
VDNKFNKELQNAVYEILHLPNLNEEQRNAFVQSLKDDPSQSANLLAEAKKLNDAQAPK,VDNKFNKEISVAGREIVTLPNLNDPQKKAFIISLWDDPSQSANLLAEAKKLNDAQAPK
VDNKFNKELQNAVYEILHLPNLNEEQRNAFVQSLKDDPSQSANLLAEAKKLNDAQAPK,VDNKFNKEISVAGREIITLPNLNDPQKKAFVISLWDDPSQSANLLAEAKKLNDAQAPK
VDNKFNKELQNAVYEILHLPNLNEEQRNAFVQSLKDDPSQSANLLAEAKKLNDAQAPK,VDNKFNKELSVAGREIVTLPNLNDPQKKAFIYSLWDDPSQSANLLAEAKKLNDAQAPK
VDNKFNKELQNAVYEILHLPNLNEEQRNAFVQSLKDDPSQSANLLAEAKKLNDAQAPK,VDNKFNKELSVAGREIVTLPNLNDPQKKAFVKSLWDDPSQSANLLAEAKKLNDAQAPK
VDNKFNKELQNAVYEILHLPNLNEEQRNAFIQSLKDDPSQSANLLAEAKKLNDAQAPK,VDNKFNKEFSVAGREIITLPNLNDPQKKAFVYSLWDDPSQSANLLAEAKKLNDAQAPK
VDNKFNKELQNAEYEILHLPNLNEEQRNAFFQSLKDDPSQSANLLAEAKKLNDAQAPK,VDNKFNKEFSVAGREIITLPNLNDPQKKAFVNSLWDDPSQSANLLAEAKKLNDAQAPK
VDNKFNKENQNAIYEIYHLPNLNEEQRNAFFQSLKDDPSQSANLLAEAKKLNDAQAPK,VDNKFNKEFSVAGREIITLPNLNDPQKKAFVISLWDDPSQSANLLAEAKKLNDAQAPK
VDNKFNKELQNAVYEIFHLPNLNEEQRNAFFQSLKDDPSQSANLLAEAKKLNDAQAPK,VDNKFNKEFSVAGREIVTLPNLNDPQKKAFIVSLWDDPSQSANLLAEAKKLNDAQAPK
VDNKFNKELQNALYEIIHLPNLNEEQRNAFFQSLKDDPSQSANLLAEAKKLNDAQAPK,VDNKFNKEFSVAGREIITLPNLNDPQKKAFIVSLWDDPSQSANLLAEAKKLNDAQAPK
VDNKFNKEVQNAVYEILHLPNLNEEQRNAFFQSLKDDPSQSANLLAEAKKLNDAQAPK,VDNKFNKEFSVAGREIVTLPNLNDPQKKAFVISLWDDPSQSANLLAEAKKLNDAQAPK
VDNKFNKELQNAVYEIFHLPNLNEEQRNAFLQSLKDDPSQSANLLAEAKKLNDAQAPK,VDNKFNKELSVAGREIETLPNLNDPQKKAFLISLWDDPSQSANLLAEAKKLNDAQAPK
VDNKFNKEQQNAVYEILHLPNLNEEQRNAFFQSLKDDPSQSANLLAEAKKLNDAQAPK,VDNKFNKEFSVAGREIITLPNLNDPQKKAFVVSLWDDPSQSANLLAEAKKLNDAQAPK
VDNKFNKELQNAVYEILHLPNLNEEQRNAFVQSLKDDPSQSANLLAEAKKLNDAQAPK,VDNKFNKEISVAGREIITLPNLNDPQKKAFIVSLWDDPSQSANLLAEAKKLNDAQAPK
VDNKFNKELQNAVYEILHLPNLNEEQRNAFVQSLKDDPSQSANLLAEAKKLNDAQAPK,VDNKFNKELSVAGREIVTLPNLNDPQKKAFIISLWDDPSQSANLLAEAKKLNDAQAPK
VDNKFNKEVQNAFYEILHLPNLNEEQRNAFVQSLKDDPSQSANLLAEAKKLNDAQAPK,VDNKFNKEISVAGREIITLPNLNDPQKKAFVISLWDDPSQSANLLAEAKKLNDAQAPK
VDNKFNKELQNAVYEILHLPNLNEEQRNAFVQSLKDDPSQSANLLAEAKKLNDAQAPK,VDNKFNKEISVAGREIVTLPNLNDPQKKAFVKSLWDDPSQSANLLAEAKKLNDAQAPK
VDNKFNKEVQNAFYEILHLPNLNEEQRNAFVQSLKDDPSQSANLLAEAKKLNDAQAPK,VDNKFNKEISVAGREIVTLPNLNDPQKKAFVISLWDDPSQSANLLAEAKKLNDAQAPK
VDNKFNKELQNAVYEIIHLPNLNEEQRNAFNQSLKDDPSQSANLLAEAKKLNDAQAPK,VDNKFNKEFSVAGREIITLPNLNDPQKKAFINSLWDDPSQSANLLAEAKKLNDAQAPK
VDNKFNKELQNAVYEILHLPNLNEEQRNAFLQSLKDDPSQSANLLAEAKKLNDAQAPK,VDNKFNKELSVAGREIETLPNLNDPQKKAFIVSLWDDPSQSANLLAEAKKLNDAQAPK
VDNKFNKELQNADYEILHLPNLNEEQRNAFFQSLKDDPSQSANLLAEAKKLNDAQAPK,VDNKFNKEFSVAGREIITLPNLNDPQKKAFVYSLWDDPSQSANLLAEAKKLNDAQAPK
VDNKFNKELQNALYEILHLPNLNEEQRNAFFQSLKDDPSQSANLLAEAKKLNDAQAPK,VDNKFNKEFSVAGREIITLPNLNDPQKKAFIHSLWDDPSQSANLLAEAKKLNDAQAPK
VDNKFNKELQNAFYEILHLPNLNEEQRNAFVQSLKDDPSQSANLLAEAKKLNDAQAPK,VDNKFNKEISVAGREIVTLPNLNDPQKKAFVYSLWDDPSQSANLLAEAKKLNDAQAPK
VDNKFNKEVQNAFYEILHLPNLNEEQRNAFVQSLKDDPSQSANLLAEAKKLNDAQAPK,VDNKFNKEISVAGREIVTLPNLNDPQKKAFINSLWDDPSQSANLLAEAKKLNDAQAPK
VDNKFNKEVQNAFYEILHLPNLNEEQRNAFVQSLKDDPSQSANLLAEAKKLNDAQAPK,VDNKFNKEISVAGREIITLPNLNDPQKKAFIKSLWDDPSQSANLLAEAKKLNDAQAPK
VDNKFNKELQNALYEIIHLPNLNEEQRNAFNQSLKDDPSQSANLLAEAKKLNDAQAPK,VDNKFNKEFSVAGREIITLPNLNDPQKKAFVVSLWDDPSQSANLLAEAKKLNDAQAPK
VDNKFNKELQNAVYEILHLPNLNEEQRNAFVQSLKDDPSQSANLLAEAKKLNDAQAPK,VDNKFNKELSVAGREIITLPNLNDPQKKAFVISLWDDPSQSANLLAEAKKLNDAQAPK
VDNKFNKELQNAVYEIIHLPNLNEEQRNAFFQSLKDDPSQSANLLAEAKKLNDAQAPK,VDNKFNKEFSVAGREIVTLPNLNDPQKKAFIVSLWDDPSQSANLLAEAKKLNDAQAPK
VDNKFNKEVQNAFYEILHLPNLNEEQRNAFVQSLKDDPSQSANLLAEAKKLNDAQAPK,VDNKFNKEISVAGREIVTLPNLNDPQKKAFVFSLWDDPSQSANLLAEAKKLNDAQAPK
VDNKFNKEHQNAEYEILHLPNLNEEQRNAFFQSLKDDPSQSANLLAEAKKLNDAQAPK,VDNKFNKEFSVAGREIITLPNLNDPQKKAFIVSLWDDPSQSANLLAEAKKLNDAQAPK
VDNKFNKELQNAVYEILHLPNLNEEQRNAFVQSLKDDPSQSANLLAEAKKLNDAQAPK,VDNKFNKEISVAGREIVTLPNLNDPQKKAFVFSLWDDPSQSANLLAEAKKLNDAQAPK
VDNKFNKELQNAVYEIVHLPNLNEEQRNAFFQSLKDDPSQSANLLAEAKKLNDAQAPK,VDNKFNKEFSVAGREIITLPNLNDPQKKAFVHSLWDDPSQSANLLAEAKKLNDAQAPK
VDNKFNKEVQNAVYEIFHLPNLNEEQRNAFLQSLKDDPSQSANLLAEAKKLNDAQAPK,VDNKFNKELSVAGREIITLPNLNDPQKKAFVISLWDDPSQSANLLAEAKKLNDAQAPK
VDNKFNKELQNAVYEILHLPNLNEEQRNAFVQSLKDDPSQSANLLAEAKKLNDAQAPK,VDNKFNKEISVAGREIITLPNLNDPQKKAFVKSLWDDPSQSANLLAEAKKLNDAQAPK
VDNKFNKEVQNAFYEILHLPNLNEEQRNAFVQSLKDDPSQSANLLAEAKKLNDAQAPK,VDNKFNKEISVAGREIVTLPNLNDPQKKAFIISLWDDPSQSANLLAEAKKLNDAQAPK
VDNKFNKEVQNAVYEIFHLPNLNEEQRNAFLQSLKDDPSQSANLLAEAKKLNDAQAPK,VDNKFNKELSVAGREIITLPNLNDPQKKAFIKSLWDDPSQSANLLAEAKKLNDAQAPK
VDNKFNKEVQNAFYEILHLPNLNEEQRNAFVQSLKDDPSQSANLLAEAKKLNDAQAPK,VDNKFNKEISVAGREIVTLPNLNDPQKKAFIKSLWDDPSQSANLLAEAKKLNDAQAPK
VDNKFNKEVQNAFYEILHLPNLNEEQRNAFVQSLKDDPSQSANLLAEAKKLNDAQAPK,VDNKFNKELSVAGREIITLPNLNDPQKKAFVISLWDDPSQSANLLAEAKKLNDAQAPK
VDNKFNKEVQNAVYEIFHLPNLNEEQRNAFFQSLKDDPSQSANLLAEAKKLNDAQAPK,VDNKFNKELSVAGREIETLPNLNDPQKKAFLISLWDDPSQSANLLAEAKKLNDAQAPK
VDNKFNKELQNAVYEIIHLPNLNEEQRNAFFQSLKDDPSQSANLLAEAKKLNDAQAPK,VDNKFNKEFSVAGREIITLPNLNDPQKKAFIHSLWDDPSQSANLLAEAKKLNDAQAPK
VDNKFNKEVQNAVYEIFHLPNLNEEQRNAFLQSLKDDPSQSANLLAEAKKLNDAQAPK,VDNKFNKELSVAGREIETLPNLNDPQKKAFIKSLWDDPSQSANLLAEAKKLNDAQAPK
VDNKFNKELQNAVYEILHLPNLNEEQRNAFLQSLKDDPSQSANLLAEAKKLNDAQAPK,VDNKFNKELSVAGREIITLPNLNDPQKKAFVISLWDDPSQSANLLAEAKKLNDAQAPK
VDNKFNKEFQNAVYEILHLPNLNEEQRNAFFQSLKDDPSQSANLLAEAKKLNDAQAPK,VDNKFNKEFSVAGREIVTLPNLNDPQKKAFVISLWDDPSQSANLLAEAKKLNDAQAPK
VDNKFNKELQNAVYEILHLPNLNEEQRNAFVQSLKDDPSQSANLLAEAKKLNDAQAPK,VDNKFNKEISVAGREIITLPNLNDPQKKAFVNSLWDDPSQSANLLAEAKKLNDAQAPK
VDNKFNKELQNAVYEILHLPNLNEEQRNAFLQSLKDDPSQSANLLAEAKKLNDAQAPK,VDNKFNKEYSVAGREIVTLPNLNDPQKKAFIISLWDDPSQSANLLAEAKKLNDAQAPK
VDNKFNKELQNAVYEILHLPNLNEEQRNAFLQSLKDDPSQSANLLAEAKKLNDAQAPK,VDNKFNKELSVAGREIITLPNLNDPQKKAFIISLWDDPSQSANLLAEAKKLNDAQAPK
VDNKFNKELQNAFYEILHLPNLNEEQRNAFFQSLKDDPSQSANLLAEAKKLNDAQAPK,VDNKFNKEFSVAGREIITLPNLNDPQKKAFLISLWDDPSQSANLLAEAKKLNDAQAPK
VDNKFNKEVQNAFYEILHLPNLNEEQRNAFVQSLKDDPSQSANLLAEAKKLNDAQAPK,VDNKFNKEISVAGREIVTLPNLNDPQKKAFVNSLWDDPSQSANLLAEAKKLNDAQAPK
VDNKFNKEVQNAFYEILHLPNLNEEQRNAFFQSLKDDPSQSANLLAEAKKLNDAQAPK,VDNKFNKELSVAGREIVTLPNLNDPQKKAFIKSLWDDPSQSANLLAEAKKLNDAQAPK
VDNKFNKELQNAVYEILHLPNLNEEQRNAFLQSLKDDPSQSANLLAEAKKLNDAQAPK,VDNKFNKELSVAGREIETLPNLNDPQKKAFIKSLWDDPSQSANLLAEAKKLNDAQAPK
VDNKFNKELQNALYEIIHLPNLNEEQRNAFNQSLKDDPSQSANLLAEAKKLNDAQAPK,VDNKFNKEISVAGREIVTLPNLNDPQKKAFVKSLWDDPSQSANLLAEAKKLNDAQAPK
VDNKFNKEVQNAFYEILHLPNLNEEQRNAFVQSLKDDPSQSANLLAEAKKLNDAQAPK,VDNKFNKELSVAGREIITLPNLNDPQKKAFVKSLWDDPSQSANLLAEAKKLNDAQAPK
VDNKFNKEVQNAVYEIFHLPNLNEEQRNAFVQSLKDDPSQSANLLAEAKKLNDAQAPK,VDNKFNKEFSVAGREIITLPNLNDPQKKAFVNSLWDDPSQSANLLAEAKKLNDAQAPK
VDNKFNKEVQNAFYEILHLPNLNEEQRNAFVQSLKDDPSQSANLLAEAKKLNDAQAPK,VDNKFNKEISVAGREIITLPNLNDPQKKAFIISLWDDPSQSANLLAEAKKLNDAQAPK
VDNKFNKEIQNAVYEIFHLPNLNEEQRNAFFQSLKDDPSQSANLLAEAKKLNDAQAPK,VDNKFNKEFSVAGREIITLPNLNDPQKKAFLVSLWDDPSQSANLLAEAKKLNDAQAPK
VDNKFNKEVQNAVYEIFHLPNLNEEQRNAFLQSLKDDPSQSANLLAEAKKLNDAQAPK,VDNKFNKELSVAGREIETLPNLNDPQKKAFIVSLWDDPSQSANLLAEAKKLNDAQAPK
VDNKFNKEVQNAFYEILHLPNLNEEQRNAFVQSLKDDPSQSANLLAEAKKLNDAQAPK,VDNKFNKEISVAGREIITLPNLNDPQKKAFIYSLWDDPSQSANLLAEAKKLNDAQAPK
VDNKFNKELQNAVYEILHLPNLNEEQRNAFLQSLKDDPSQSANLLAEAKKLNDAQAPK,VDNKFNKELSVAGREIETLPNLNDPQKKAFVFSLWDDPSQSANLLAEAKKLNDAQAPK
VDNKFNKELQNAVYEILHLPNLNEEQRNAFVQSLKDDPSQSANLLAEAKKLNDAQAPK,VDNKFNKEISVAGREIVTLPNLNDPQKKAFVLSLWDDPSQSANLLAEAKKLNDAQAPK
VDNKFNKELQNAVYEIVHLPNLNEEQRNAFFQSLKDDPSQSANLLAEAKKLNDAQAPK,VDNKFNKELSVAGREIITLPNLNDPQKKAFVISLWDDPSQSANLLAEAKKLNDAQAPK
VDNKFNKENQNAIYEIYHLPNLNEEQRNAFHQSLKDDPSQSANLLAEAKKLNDAQAPK,VDNKFNKEISVAGREILTLPNLNDPQKKAFLLSLWDDPSQSANLLAEAKKLNDAQAPK
VDNKFNKELQNAVYEIVHLPNLNEEQRNAFFQSLKDDPSQSANLLAEAKKLNDAQAPK,VDNKFNKEFSVAGREIVTLPNLNDPQKKAFIFSLWDDPSQSANLLAEAKKLNDAQAPK
VDNKFNKELQNAVYEILHLPNLNEEQRNAFVQSLKDDPSQSANLLAEAKKLNDAQAPK,VDNKFNKELSVAGREIETLPNLNDPQKKAFIISLWDDPSQSANLLAEAKKLNDAQAPK
VDNKFNKELQNAVYEILHLPNLNEEQRNAFIQSLKDDPSQSANLLAEAKKLNDAQAPK,VDNKFNKELSVAGREIVTLPNLNDPQKKAFIKSLWDDPSQSANLLAEAKKLNDAQAPK
VDNKFNKEFQNAEYEILHLPNLNEEQRNAFFQSLKDDPSQSANLLAEAKKLNDAQAPK,VDNKFNKELSVAGREIITLPNLNDPQKKAFVFSLWDDPSQSANLLAEAKKLNDAQAPK
VDNKFNKEVQNAFYEILHLPNLNEEQRNAFVQSLKDDPSQSANLLAEAKKLNDAQAPK,VDNKFNKEISVAGREIITLPNLNDPQKKAFVLSLWDDPSQSANLLAEAKKLNDAQAPK
VDNKFNKEIQNAVYEILHLPNLNEEQRNAFFQSLKDDPSQSANLLAEAKKLNDAQAPK,VDNKFNKEYSVAGREIKTLPNLNDPQKKAFVISLWDDPSQSANLLAEAKKLNDAQAPK
VDNKFNKELQNALYEILHLPNLNEEQRNAFFQSLKDDPSQSANLLAEAKKLNDAQAPK,VDNKFNKEVSVAGREIITLPNLNDPQKKAFNVSLWDDPSQSANLLAEAKKLNDAQAPK
VDNKFNKELQNALYEILHLPNLNEEQRNAFFQSLKDDPSQSANLLAEAKKLNDAQAPK,VDNKFNKEISVAGREIITLPNLNDPQKKAFIVSLWDDPSQSANLLAEAKKLNDAQAPK
VDNKFNKELQNAVYEILHLPNLNEEQRNAFNQSLKDDPSQSANLLAEAKKLNDAQAPK,VDNKFNKEYSVAGREIITLPNLNDPQKKAFIKSLWDDPSQSANLLAEAKKLNDAQAPK
VDNKFNKEHQNAEYEIKHLPNLNEEQRNAFFQSLKDDPSQSANLLAEAKKLNDAQAPK,VDNKFNKEISVAGREIITLPNLNDPQKKAFVKSLWDDPSQSANLLAEAKKLNDAQAPK
VDNKFNKEVQNAFYEILHLPNLNEEQRNAFFQSLKDDPSQSANLLAEAKKLNDAQAPK,VDNKFNKEYSVAGREILTLPNLNDPQKKAFEESLWDDPSQSANLLAEAKKLNDAQAPK
VDNKFNKELQNAVYEIIHLPNLNEEQRNAFNQSLKDDPSQSANLLAEAKKLNDAQAPK,VDNKFNKELSVAGREIITLPNLNDPQKKAFIKSLWDDPSQSANLLAEAKKLNDAQAPK
VDNKFNKELQNAVYEIIHLPNLNEEQRNAFNQSLKDDPSQSANLLAEAKKLNDAQAPK,VDNKFNKELSVAGREIITLPNLNDPQKKAFINSLWDDPSQSANLLAEAKKLNDAQAPK
VDNKFNKELQNAIYEIYHLPNLNEEQRNAFHQSLKDDPSQSANLLAEAKKLNDAQAPK,VDNKFNKEFSVAGREIITLPNLNDPQKKAFVFSLWDDPSQSANLLAEAKKLNDAQAPK
VDNKFNKEVQNAVYEIFHLPNLNEEQRNAFLQSLKDDPSQSANLLAEAKKLNDAQAPK,VDNKFNKEFSVAGREIITLPNLNDPQKKAFLLSLWDDPSQSANLLAEAKKLNDAQAPK
VDNKFNKEIQNAFYEILHLPNLNEEQRNAFVQSLKDDPSQSANLLAEAKKLNDAQAPK,VDNKFNKEISVAGREIITLPNLNDPQKKAFIVSLWDDPSQSANLLAEAKKLNDAQAPK
VDNKFNKELQNAFYEILHLPNLNEEQRNAFFQSLKDDPSQSANLLAEAKKLNDAQAPK,VDNKFNKEFSVAGREIITLPNLNDPQKKAFNISLWDDPSQSANLLAEAKKLNDAQAPK
VDNKFNKEVQNAVYEILHLPNLNEEQRNAFFQSLKDDPSQSANLLAEAKKLNDAQAPK,VDNKFNKEFSVAGREIKTLPNLNDPQKKAFVISLWDDPSQSANLLAEAKKLNDAQAPK
VDNKFNKELQNAVYEILHLPNLNEEQRNAFVQSLKDDPSQSANLLAEAKKLNDAQAPK,VDNKFNKEISVAGREIITLPNLNDPQKKAFIYSLWDDPSQSANLLAEAKKLNDAQAPK
VDNKFNKEVQNAVYEILHLPNLNEEQRNAFFQSLKDDPSQSANLLAEAKKLNDAQAPK,VDNKFNKEFSVAGREIITLPNLNDPQKKAFDKSLWDDPSQSANLLAEAKKLNDAQAPK
VDNKFNKEVQNAFYEILHLPNLNEEQRNAFFQSLKDDPSQSANLLAEAKKLNDAQAPK,VDNKFNKEQSVAGREIITLPNLNDPQKKAFVKSLWDDPSQSANLLAEAKKLNDAQAPK
VDNKFNKELQNAVYEILHLPNLNEEQRNAFVQSLKDDPSQSANLLAEAKKLNDAQAPK,VDNKFNKEFSVAGREIQTLPNLNDPQKKAFIISLWDDPSQSANLLAEAKKLNDAQAPK
VDNKFNKEVQNAVYEILHLPNLNEEQRNAFVQSLKDDPSQSANLLAEAKKLNDAQAPK,VDNKFNKEFSVAGREIVTLPNLNDPQKKAFVISLWDDPSQSANLLAEAKKLNDAQAPK
VDNKFNKEHQNAEYEIKHLPNLNEEQRNAFFQSLKDDPSQSANLLAEAKKLNDAQAPK,VDNKFNKEFSVAGREIITLPNLNDPQKKAFLISLWDDPSQSANLLAEAKKLNDAQAPK
VDNKFNKEVQNAFYEILHLPNLNEEQRNAFNQSLKDDPSQSANLLAEAKKLNDAQAPK,VDNKFNKEISVAGREILTLPNLNDPQKKAFIHSLWDDPSQSANLLAEAKKLNDAQAPK
VDNKFNKEVQNAFYEILHLPNLNEEQRNAFVQSLKDDPSQSANLLAEAKKLNDAQAPK,VDNKFNKEISVAGREIVTLPNLNDPQKKAFLVSLWDDPSQSANLLAEAKKLNDAQAPK
VDNKFNKEVQNAVYEIFHLPNLNEEQRNAFLQSLKDDPSQSANLLAEAKKLNDAQAPK,VDNKFNKELSVAGREIITLPNLNDPQKKAFVKSLWDDPSQSANLLAEAKKLNDAQAPK
VDNKFNKELQNADYEIHHLPNLNEEQRNAFFQSLKDDPSQSANLLAEAKKLNDAQAPK,VDNKFNKEYSVAGREIITLPNLNDPQKKAFIVSLWDDPSQSANLLAEAKKLNDAQAPK
VDNKFNKEVQNAVYEIFHLPNLNEEQRNAFLQSLKDDPSQSANLLAEAKKLNDAQAPK,VDNKFNKEFSVAGREIITLPNLNDPQKKAFIDSLWDDPSQSANLLAEAKKLNDAQAPK
VDNKFNKELQNAVYEILHLPNLNEEQRNAFVQSLKDDPSQSANLLAEAKKLNDAQAPK,VDNKFNKEDSVAGREIITLPNLNDPQKKAFIVSLWDDPSQSANLLAEAKKLNDAQAPK
VDNKFNKELQNALYEILHLPNLNEEQRNAFFQSLKDDPSQSANLLAEAKKLNDAQAPK,VDNKFNKEYSVAGREIITLPNLNDPQKKAFIVSLWDDPSQSANLLAEAKKLNDAQAPK
VDNKFNKEVQNAFYEILHLPNLNEEQRNAFFQSLKDDPSQSANLLAEAKKLNDAQAPK,VDNKFNKEISVAGREIITLPNLNDPQKKAFVFSLWDDPSQSANLLAEAKKLNDAQAPK
VDNKFNKELQNAFYEILHLPNLNEEQRNAFVQSLKDDPSQSANLLAEAKKLNDAQAPK,VDNKFNKEFSVAGREIVTLPNLNDPQKKAFKISLWDDPSQSANLLAEAKKLNDAQAPK
VDNKFNKEVQNAVYEIFHLPNLNEEQRNAFLQSLKDDPSQSANLLAEAKKLNDAQAPK,VDNKFNKEFSVAGREIVTLPNLNDPQKKAFIHSLWDDPSQSANLLAEAKKLNDAQAPK
VDNKFNKEVQNAFYEIFHLPNLNEEQRNAFVQSLKDDPSQSANLLAEAKKLNDAQAPK,VDNKFNKEISVAGREIVTLPNLNDPQKKAFVYSLWDDPSQSANLLAEAKKLNDAQAPK
VDNKFNKEVQNAVYEILHLPNLNEEQRNAFFQSLKDDPSQSANLLAEAKKLNDAQAPK,VDNKFNKELSVAGREIITLPNLNDPQKKAFIQSLWDDPSQSANLLAEAKKLNDAQAPK
VDNKFNKELQNAVYEILHLPNLNEEQRNAFVQSLKDDPSQSANLLAEAKKLNDAQAPK,VDNKFNKEQSVAGREIITLPNLNDPQKKAFNFSLWDDPSQSANLLAEAKKLNDAQAPK
VDNKFNKELQNAVYEIFHLPNLNEEQRNAFFQSLKDDPSQSANLLAEAKKLNDAQAPK,VDNKFNKEVSVAGREIITLPNLNDPQKKAFVKSLWDDPSQSANLLAEAKKLNDAQAPK
VDNKFNKELQNAFYEILHLPNLNEEQRNAFFQSLKDDPSQSANLLAEAKKLNDAQAPK,VDNKFNKEFSVAGREINTLPNLNDPQKKAFILSLWDDPSQSANLLAEAKKLNDAQAPK
VDNKFNKELQNAVYEILHLPNLNEEQRNAFIQSLKDDPSQSANLLAEAKKLNDAQAPK,VDNKFNKEFSVAGREIITLPNLNDPQKKAFNKSLWDDPSQSANLLAEAKKLNDAQAPK
VDNKFNKELQNAVYEILHLPNLNEEQRNAFVQSLKDDPSQSANLLAEAKKLNDAQAPK,VDNKFNKEDSVAGREIVTLPNLNDPQKKAFFKSLWDDPSQSANLLAEAKKLNDAQAPK
VDNKFNKEVQNALYEIFHLPNLNEEQRNAFLQSLKDDPSQSANLLAEAKKLNDAQAPK,VDNKFNKELSVAGREIITLPNLNDPQKKAFVISLWDDPSQSANLLAEAKKLNDAQAPK
VDNKFNKEVQNADYEILHLPNLNEEQRNAFFQSLKDDPSQSANLLAEAKKLNDAQAPK,VDNKFNKEISVAGREIITLPNLNDPQKKAFNKSLWDDPSQSANLLAEAKKLNDAQAPK
VDNKFNKELQNAVYEIIHLPNLNEEQRNAFFQSLKDDPSQSANLLAEAKKLNDAQAPK,VDNKFNKENSVAGREILTLPNLNDPQKKAFVQSLWDDPSQSANLLAEAKKLNDAQAPK
VDNKFNKELQNAFYEILHLPNLNEEQRNAFVQSLKDDPSQSANLLAEAKKLNDAQAPK,VDNKFNKEFSVAGREIVTLPNLNDPQKKAFIESLWDDPSQSANLLAEAKKLNDAQAPK
VDNKFNKEHQNAEYEIKHLPNLNEEQRNAFLQSLKDDPSQSANLLAEAKKLNDAQAPK,VDNKFNKENSVAGREIQTLPNLNDPQKKAFYISLWDDPSQSANLLAEAKKLNDAQAPK
VDNKFNKENQNAIYEIYHLPNLNEEQRNAFLQSLKDDPSQSANLLAEAKKLNDAQAPK,VDNKFNKEFSVAGREIVTLPNLNDPQKKAFIISLWDDPSQSANLLAEAKKLNDAQAPK
VDNKFNKELQNAIYEIFHLPNLNEEQRNAFFQSLKDDPSQSANLLAEAKKLNDAQAPK,VDNKFNKEFSVAGREIVTLPNLNDPQKKAFLYSLWDDPSQSANLLAEAKKLNDAQAPK
VDNKFNKELQNAFYEILHLPNLNEEQRNAFVQSLKDDPSQSANLLAEAKKLNDAQAPK,VDNKFNKEISVAGREILTLPNLNDPQKKAFLLSLWDDPSQSANLLAEAKKLNDAQAPK
VDNKFNKEVQNAVYEILHLPNLNEEQRNAFFQSLKDDPSQSANLLAEAKKLNDAQAPK,VDNKFNKEFSVAGREILTLPNLNDPQKKAFVKSLWDDPSQSANLLAEAKKLNDAQAPK
VDNKFNKELQNAVYEILHLPNLNEEQRNAFVQSLKDDPSQSANLLAEAKKLNDAQAPK,VDNKFNKEDSVAGREIITLPNLNDPQKKAFYISLWDDPSQSANLLAEAKKLNDAQAPK
VDNKFNKELQNAVYEIVHLPNLNEEQRNAFFQSLKDDPSQSANLLAEAKKLNDAQAPK,VDNKFNKEFSVAGREIITLPNLNDPQKKAFNVSLWDDPSQSANLLAEAKKLNDAQAPK
VDNKFNKELQNAVYEIVHLPNLNEEQRNAFFQSLKDDPSQSANLLAEAKKLNDAQAPK,VDNKFNKEFSVAGREIKTLPNLNDPQKKAFVKSLWDDPSQSANLLAEAKKLNDAQAPK
VDNKFNKELQNAVYEILHLPNLNEEQRNAFVQSLKDDPSQSANLLAEAKKLNDAQAPK,VDNKFNKEFSVAGREIFTLPNLNDPQKKAFIISLWDDPSQSANLLAEAKKLNDAQAPK
VDNKFNKEFQNAVYEILHLPNLNEEQRNAFFQSLKDDPSQSANLLAEAKKLNDAQAPK,VDNKFNKEFSVAGREIITLPNLNDPQKKAFNVSLWDDPSQSANLLAEAKKLNDAQAPK
VDNKFNKELQNAFYEILHLPNLNEEQRNAFFQSLKDDPSQSANLLAEAKKLNDAQAPK,VDNKFNKEFSVAGREIITLPNLNDPQKKAFLYSLWDDPSQSANLLAEAKKLNDAQAPK
VDNKFNKEVQNAVYEILHLPNLNEEQRNAFFQSLKDDPSQSANLLAEAKKLNDAQAPK,VDNKFNKEFSVAGREIETLPNLNDPQKKAFNFSLWDDPSQSANLLAEAKKLNDAQAPK
VDNKFNKELQNAIYEILHLPNLNEEQRNAFFQSLKDDPSQSANLLAEAKKLNDAQAPK,VDNKFNKEISVAGREIITLPNLNDPQKKAFVFSLWDDPSQSANLLAEAKKLNDAQAPK
VDNKFNKEQQNAVYEILHLPNLNEEQRNAFFQSLKDDPSQSANLLAEAKKLNDAQAPK,VDNKFNKEFSVAGREIITLPNLNDPQKKAFDISLWDDPSQSANLLAEAKKLNDAQAPK
VDNKFNKELQNADYEILHLPNLNEEQRNAFFQSLKDDPSQSANLLAEAKKLNDAQAPK,VDNKFNKEYSVAGREIITLPNLNDPQKKAFIISLWDDPSQSANLLAEAKKLNDAQAPK
VDNKFNKELQNAIYEILHLPNLNEEQRNAFFQSLKDDPSQSANLLAEAKKLNDAQAPK,VDNKFNKEYSVAGREIITLPNLNDPQKKAFVYSLWDDPSQSANLLAEAKKLNDAQAPK
VDNKFNKEQQNADYEIVHLPNLNEEQRNAFVQSLKDDPSQSANLLAEAKKLNDAQAPK,VDNKFNKEKSVAGREIFTLPNLNDPQKKAFEYSLWDDPSQSANLLAEAKKLNDAQAPK
VDNKFNKEVQNAFYEILHLPNLNEEQRNAFFQSLKDDPSQSANLLAEAKKLNDAQAPK,VDNKFNKELSVAGREIVTLPNLNDPQKKAFIHSLWDDPSQSANLLAEAKKLNDAQAPK
VDNKFNKELQNAVYEILHLPNLNEEQRNAFVQSLKDDPSQSANLLAEAKKLNDAQAPK,VDNKFNKEKSVAGREIITLPNLNDPQKKAFLNSLWDDPSQSANLLAEAKKLNDAQAPK
VDNKFNKELQNAVYEILHLPNLNEEQRNAFIQSLKDDPSQSANLLAEAKKLNDAQAPK,VDNKFNKELSVAGREIITLPNLNDPQKKAFIVSLWDDPSQSANLLAEAKKLNDAQAPK
VDNKFNKELQNAVYEILHLPNLNEEQRNAFVQSLKDDPSQSANLLAEAKKLNDAQAPK,VDNKFNKELSVAGREIITLPNLNDPQKKAFIESLWDDPSQSANLLAEAKKLNDAQAPK
VDNKFNKELQNAFYEILHLPNLNEEQRNAFLQSLKDDPSQSANLLAEAKKLNDAQAPK,VDNKFNKELSVAGREIVTLPNLNDPQKKAFIVSLWDDPSQSANLLAEAKKLNDAQAPK
VDNKFNKEVQNAFYEILHLPNLNEEQRNAFFQSLKDDPSQSANLLAEAKKLNDAQAPK,VDNKFNKEYSVAGREIITLPNLNDPQKKAFDISLWDDPSQSANLLAEAKKLNDAQAPK
VDNKFNKELQNAVYEIVHLPNLNEEQRNAFFQSLKDDPSQSANLLAEAKKLNDAQAPK,VDNKFNKEFSVAGREIKTLPNLNDPQKKAFVNSLWDDPSQSANLLAEAKKLNDAQAPK
VDNKFNKELQNAVYEILHLPNLNEEQRNAFVQSLKDDPSQSANLLAEAKKLNDAQAPK,VDNKFNKELSVAGREIQTLPNLNDPQKKAFNNSLWDDPSQSANLLAEAKKLNDAQAPK
VDNKFNKELQNAVYEILHLPNLNEEQRNAFVQSLKDDPSQSANLLAEAKKLNDAQAPK,VDNKFNKEISVAGREIKTLPNLNDPQKKAFIKSLWDDPSQSANLLAEAKKLNDAQAPK
VDNKFNKELQNALYEIHHLPNLNEEQRNAFYQSLKDDPSQSANLLAEAKKLNDAQAPK,VDNKFNKEFSVAGREIVTLPNLNDPQKKAFVKSLWDDPSQSANLLAEAKKLNDAQAPK
VDNKFNKEVQNAFYEILHLPNLNEEQRNAFVQSLKDDPSQSANLLAEAKKLNDAQAPK,VDNKFNKEISVAGREIITLPNLNDPQKKAFIHSLWDDPSQSANLLAEAKKLNDAQAPK
VDNKFNKELQNAIYEILHLPNLNEEQRNAFFQSLKDDPSQSANLLAEAKKLNDAQAPK,VDNKFNKELSVAGREIITLPNLNDPQKKAFIFSLWDDPSQSANLLAEAKKLNDAQAPK
VDNKFNKELQNAVYEILHLPNLNEEQRNAFLQSLKDDPSQSANLLAEAKKLNDAQAPK,VDNKFNKEQSVAGREILTLPNLNDPQKKAFIISLWDDPSQSANLLAEAKKLNDAQAPK
VDNKFNKEIQNAFYEIKHLPNLNEEQRNAFFQSLKDDPSQSANLLAEAKKLNDAQAPK,VDNKFNKEFSVAGREIVTLPNLNDPQKKAFIISLWDDPSQSANLLAEAKKLNDAQAPK
VDNKFNKELQNAVYEIVHLPNLNEEQRNAFVQSLKDDPSQSANLLAEAKKLNDAQAPK,VDNKFNKEYSVAGREIITLPNLNDPQKKAFVYSLWDDPSQSANLLAEAKKLNDAQAPK
VDNKFNKEVQNAFYEILHLPNLNEEQRNAFVQSLKDDPSQSANLLAEAKKLNDAQAPK,VDNKFNKELSVAGREIVTLPNLNDPQKKAFINSLWDDPSQSANLLAEAKKLNDAQAPK
VDNKFNKEHQNAVYEIFHLPNLNEEQRNAFFQSLKDDPSQSANLLAEAKKLNDAQAPK,VDNKFNKEYSVAGREIITLPNLNDPQKKAFIKSLWDDPSQSANLLAEAKKLNDAQAPK
VDNKFNKELQNAIYEIFHLPNLNEEQRNAFFQSLKDDPSQSANLLAEAKKLNDAQAPK,VDNKFNKEFSVAGREIITLPNLNDPQKKAFNFSLWDDPSQSANLLAEAKKLNDAQAPK
VDNKFNKELQNAVYEILHLPNLNEEQRNAFVQSLKDDPSQSANLLAEAKKLNDAQAPK,VDNKFNKENSVAGREINTLPNLNDPQKKAFNESLWDDPSQSANLLAEAKKLNDAQAPK
VDNKFNKEHQNAVYEILHLPNLNEEQRNAFFQSLKDDPSQSANLLAEAKKLNDAQAPK,VDNKFNKELSVAGREIVTLPNLNDPQKKAFVISLWDDPSQSANLLAEAKKLNDAQAPK
VDNKFNKELQNADYEILHLPNLNEEQRNAFFQSLKDDPSQSANLLAEAKKLNDAQAPK,VDNKFNKEYSVAGREIITLPNLNDPQKKAFVISLWDDPSQSANLLAEAKKLNDAQAPK
VDNKFNKELQNAFYEILHLPNLNEEQRNAFFQSLKDDPSQSANLLAEAKKLNDAQAPK,VDNKFNKELSVAGREIVTLPNLNDPQKKAFIISLWDDPSQSANLLAEAKKLNDAQAPK
VDNKFNKEVQNAVYEIFHLPNLNEEQRNAFFQSLKDDPSQSANLLAEAKKLNDAQAPK,VDNKFNKEYSVAGREIITLPNLNDPQKKAFVNSLWDDPSQSANLLAEAKKLNDAQAPK
VDNKFNKELQNAFYEILHLPNLNEEQRNAFFQSLKDDPSQSANLLAEAKKLNDAQAPK,VDNKFNKEISVAGREIVTLPNLNDPQKKAFINSLWDDPSQSANLLAEAKKLNDAQAPK
VDNKFNKELQNAFYEILHLPNLNEEQRNAFFQSLKDDPSQSANLLAEAKKLNDAQAPK,VDNKFNKEFSVAGREILTLPNLNDPQKKAFILSLWDDPSQSANLLAEAKKLNDAQAPK
VDNKFNKELQNAFYEILHLPNLNEEQRNAFVQSLKDDPSQSANLLAEAKKLNDAQAPK,VDNKFNKELSVAGREIITLPNLNDPQKKAFIISLWDDPSQSANLLAEAKKLNDAQAPK
VDNKFNKELQNAVYEILHLPNLNEEQRNAFVQSLKDDPSQSANLLAEAKKLNDAQAPK,VDNKFNKEFSVAGREILTLPNLNDPQKKAFVKSLWDDPSQSANLLAEAKKLNDAQAPK
VDNKFNKELQNAVYEIFHLPNLNEEQRNAFFQSLKDDPSQSANLLAEAKKLNDAQAPK,VDNKFNKEYSVAGREIETLPNLNDPQKKAFVISLWDDPSQSANLLAEAKKLNDAQAPK
VDNKFNKELQNAVYEILHLPNLNEEQRNAFLQSLKDDPSQSANLLAEAKKLNDAQAPK,VDNKFNKEISVAGREIITLPNLNDPQKKAFIFSLWDDPSQSANLLAEAKKLNDAQAPK
VDNKFNKEHQNAEYEIKHLPNLNEEQRNAFLQSLKDDPSQSANLLAEAKKLNDAQAPK,VDNKFNKENSVAGREIQTLPNLNDPQKKAFVISLWDDPSQSANLLAEAKKLNDAQAPK
VDNKFNKELQNAVYEIFHLPNLNEEQRNAFFQSLKDDPSQSANLLAEAKKLNDAQAPK,VDNKFNKEKSVAGREIVTLPNLNDPQKKAFVYSLWDDPSQSANLLAEAKKLNDAQAPK
VDNKFNKELQNAVYEIFHLPNLNEEQRNAFVQSLKDDPSQSANLLAEAKKLNDAQAPK,VDNKFNKEISVAGREIVTLPNLNDPQKKAFVKSLWDDPSQSANLLAEAKKLNDAQAPK
VDNKFNKELQNADYEIIHLPNLNEEQRNAFVQSLKDDPSQSANLLAEAKKLNDAQAPK,VDNKFNKEFSVAGREIKTLPNLNDPQKKAFIVSLWDDPSQSANLLAEAKKLNDAQAPK
VDNKFNKEVQNAFYEIFHLPNLNEEQRNAFFQSLKDDPSQSANLLAEAKKLNDAQAPK,VDNKFNKEYSVAGREIITLPNLNDPQKKAFVKSLWDDPSQSANLLAEAKKLNDAQAPK
VDNKFNKELQNAVYEIKHLPNLNEEQRNAFLQSLKDDPSQSANLLAEAKKLNDAQAPK,VDNKFNKEFSVAGREIITLPNLNDPQKKAFKISLWDDPSQSANLLAEAKKLNDAQAPK
VDNKFNKEYQNAFYEIFHLPNLNEEQRNAFNQSLKDDPSQSANLLAEAKKLNDAQAPK,VDNKFNKELSVAGREIFTLPNLNDPQKKAFIISLWDDPSQSANLLAEAKKLNDAQAPK
VDNKFNKEFQNAVYEILHLPNLNEEQRNAFVQSLKDDPSQSANLLAEAKKLNDAQAPK,VDNKFNKEYSVAGREIITLPNLNDPQKKAFIESLWDDPSQSANLLAEAKKLNDAQAPK
VDNKFNKELQNAYYEIHHLPNLNEEQRNAFIQSLKDDPSQSANLLAEAKKLNDAQAPK,VDNKFNKEFSVAGREIVTLPNLNDPQKKAFIVSLWDDPSQSANLLAEAKKLNDAQAPK
VDNKFNKELQNAVYEIIHLPNLNEEQRNAFFQSLKDDPSQSANLLAEAKKLNDAQAPK,VDNKFNKEFSVAGREIITLPNLNDPQKKAFNNSLWDDPSQSANLLAEAKKLNDAQAPK
VDNKFNKELQNAIYEIDHLPNLNEEQRNAFFQSLKDDPSQSANLLAEAKKLNDAQAPK,VDNKFNKEFSVAGREIITLPNLNDPQKKAFVFSLWDDPSQSANLLAEAKKLNDAQAPK
VDNKFNKELQNAVYEILHLPNLNEEQRNAFLQSLKDDPSQSANLLAEAKKLNDAQAPK,VDNKFNKELSVAGREIETLPNLNDPQKKAFVNSLWDDPSQSANLLAEAKKLNDAQAPK
VDNKFNKELQNAVYEIFHLPNLNEEQRNAFFQSLKDDPSQSANLLAEAKKLNDAQAPK,VDNKFNKEFSVAGREIETLPNLNDPQKKAFVKSLWDDPSQSANLLAEAKKLNDAQAPK
VDNKFNKENQNAIYEILHLPNLNEEQRNAFFQSLKDDPSQSANLLAEAKKLNDAQAPK,VDNKFNKEFSVAGREIITLPNLNDPQKKAFVFSLWDDPSQSANLLAEAKKLNDAQAPK
VDNKFNKEIQNAVYEILHLPNLNEEQRNAFFQSLKDDPSQSANLLAEAKKLNDAQAPK,VDNKFNKEISVAGREIITLPNLNDPQKKAFIVSLWDDPSQSANLLAEAKKLNDAQAPK
VDNKFNKEVQNAVYEIFHLPNLNEEQRNAFLQSLKDDPSQSANLLAEAKKLNDAQAPK,VDNKFNKELSVAGREIETLPNLNDPQKKAFIFSLWDDPSQSANLLAEAKKLNDAQAPK
VDNKFNKELQNAVYEILHLPNLNEEQRNAFVQSLKDDPSQSANLLAEAKKLNDAQAPK,VDNKFNKEISVAGREIITLPNLNDPQKKAFIFSLWDDPSQSANLLAEAKKLNDAQAPK
VDNKFNKELQNAVYEILHLPNLNEEQRNAFLQSLKDDPSQSANLLAEAKKLNDAQAPK,VDNKFNKEQSVAGREILTLPNLNDPQKKAFIYSLWDDPSQSANLLAEAKKLNDAQAPK
VDNKFNKELQNALYEIIHLPNLNEEQRNAFKQSLKDDPSQSANLLAEAKKLNDAQAPK,VDNKFNKEFSVAGREIITLPNLNDPQKKAFINSLWDDPSQSANLLAEAKKLNDAQAPK
VDNKFNKEFQNAVYEIFHLPNLNEEQRNAFFQSLKDDPSQSANLLAEAKKLNDAQAPK,VDNKFNKEFSVAGREIITLPNLNDPQKKAFIHSLWDDPSQSANLLAEAKKLNDAQAPK
VDNKFNKEVQNAFYEIYHLPNLNEEQRNAFHQSLKDDPSQSANLLAEAKKLNDAQAPK,VDNKFNKEFSVAGREIITLPNLNDPQKKAFIQSLWDDPSQSANLLAEAKKLNDAQAPK
VDNKFNKEIQNAVYEIFHLPNLNEEQRNAFFQSLKDDPSQSANLLAEAKKLNDAQAPK,VDNKFNKEFSVAGREIKTLPNLNDPQKKAFVKSLWDDPSQSANLLAEAKKLNDAQAPK
VDNKFNKELQNAVYEILHLPNLNEEQRNAFVQSLKDDPSQSANLLAEAKKLNDAQAPK,VDNKFNKELSVAGREIETLPNLNDPQKKAFVFSLWDDPSQSANLLAEAKKLNDAQAPK
VDNKFNKEVQNAVYEILHLPNLNEEQRNAFLQSLKDDPSQSANLLAEAKKLNDAQAPK,VDNKFNKEFSVAGREIITLPNLNDPQKKAFILSLWDDPSQSANLLAEAKKLNDAQAPK
VDNKFNKELQNAVYEIIHLPNLNEEQRNAFFQSLKDDPSQSANLLAEAKKLNDAQAPK,VDNKFNKEFSVAGREINTLPNLNDPQKKAFVKSLWDDPSQSANLLAEAKKLNDAQAPK
VDNKFNKELQNALYEILHLPNLNEEQRNAFFQSLKDDPSQSANLLAEAKKLNDAQAPK,VDNKFNKEFSVAGREIVTLPNLNDPQKKAFILSLWDDPSQSANLLAEAKKLNDAQAPK
VDNKFNKELQNAFYEILHLPNLNEEQRNAFVQSLKDDPSQSANLLAEAKKLNDAQAPK,VDNKFNKEISVAGREIVTLPNLNDPQKKAFVFSLWDDPSQSANLLAEAKKLNDAQAPK
VDNKFNKEIQNAVYEILHLPNLNEEQRNAFFQSLKDDPSQSANLLAEAKKLNDAQAPK,VDNKFNKEYSVAGREIITLPNLNDPQKKAFIHSLWDDPSQSANLLAEAKKLNDAQAPK
VDNKFNKELQNAVYEILHLPNLNEEQRNAFVQSLKDDPSQSANLLAEAKKLNDAQAPK,VDNKFNKELSVAGREIVTLPNLNDPQKKAFVLSLWDDPSQSANLLAEAKKLNDAQAPK
VDNKFNKEIQNAIYEIYHLPNLNEEQRNAFQQSLKDDPSQSANLLAEAKKLNDAQAPK,VDNKFNKEFSVAGREINTLPNLNDPQKKAFQVSLWDDPSQSANLLAEAKKLNDAQAPK
VDNKFNKEVQNAVYEIFHLPNLNEEQRNAFVQSLKDDPSQSANLLAEAKKLNDAQAPK,VDNKFNKEISVAGREIITLPNLNDPQKKAFVVSLWDDPSQSANLLAEAKKLNDAQAPK
VDNKFNKELQNAVYEILHLPNLNEEQRNAFVQSLKDDPSQSANLLAEAKKLNDAQAPK,VDNKFNKEISVAGREIITLPNLNDPQKKAFILSLWDDPSQSANLLAEAKKLNDAQAPK
VDNKFNKELQNAVYEILHLPNLNEEQRNAFVQSLKDDPSQSANLLAEAKKLNDAQAPK,VDNKFNKEISVAGREIVTLPNLNDPQKKAFLISLWDDPSQSANLLAEAKKLNDAQAPK
VDNKFNKELQNADYEILHLPNLNEEQRNAFFQSLKDDPSQSANLLAEAKKLNDAQAPK,VDNKFNKEFSVAGREIITLPNLNDPQKKAFEKSLWDDPSQSANLLAEAKKLNDAQAPK
VDNKFNKELQNAVYEILHLPNLNEEQRNAFVQSLKDDPSQSANLLAEAKKLNDAQAPK,VDNKFNKEISVAGREIITLPNLNDPQKKAFIHSLWDDPSQSANLLAEAKKLNDAQAPK
VDNKFNKELQNAVYEIIHLPNLNEEQRNAFFQSLKDDPSQSANLLAEAKKLNDAQAPK,VDNKFNKEYSVAGREIITLPNLNDPQKKAFKISLWDDPSQSANLLAEAKKLNDAQAPK
VDNKFNKELQNAIYEILHLPNLNEEQRNAFFQSLKDDPSQSANLLAEAKKLNDAQAPK,VDNKFNKEESVAGREIVTLPNLNDPQKKAFYFSLWDDPSQSANLLAEAKKLNDAQAPK
VDNKFNKELQNAVYEIFHLPNLNEEQRNAFVQSLKDDPSQSANLLAEAKKLNDAQAPK,VDNKFNKELSVAGREIITLPNLNDPQKKAFIYSLWDDPSQSANLLAEAKKLNDAQAPK
VDNKFNKEIQNALYEINHLPNLNEEQRNAFIQSLKDDPSQSANLLAEAKKLNDAQAPK,VDNKFNKEYSVAGREIHTLPNLNDPQKKAFNVSLWDDPSQSANLLAEAKKLNDAQAPK
VDNKFNKELQNAVYEIIHLPNLNEEQRNAFVQSLKDDPSQSANLLAEAKKLNDAQAPK,VDNKFNKEFSVAGREIITLPNLNDPQKKAFVYSLWDDPSQSANLLAEAKKLNDAQAPK
VDNKFNKELQNAFYEILHLPNLNEEQRNAFIQSLKDDPSQSANLLAEAKKLNDAQAPK,VDNKFNKEFSVAGREIITLPNLNDPQKKAFVLSLWDDPSQSANLLAEAKKLNDAQAPK
VDNKFNKELQNAIYEILHLPNLNEEQRNAFIQSLKDDPSQSANLLAEAKKLNDAQAPK,VDNKFNKEESVAGREILTLPNLNDPQKKAFIQSLWDDPSQSANLLAEAKKLNDAQAPK
VDNKFNKELQNAIYEIFHLPNLNEEQRNAFFQSLKDDPSQSANLLAEAKKLNDAQAPK,VDNKFNKEFSVAGREIITLPNLNDPQKKAFLFSLWDDPSQSANLLAEAKKLNDAQAPK
VDNKFNKELQNAYYEIFHLPNLNEEQRNAFFQSLKDDPSQSANLLAEAKKLNDAQAPK,VDNKFNKEFSVAGREIITLPNLNDPQKKAFIHSLWDDPSQSANLLAEAKKLNDAQAPK
VDNKFNKELQNAVYEILHLPNLNEEQRNAFLQSLKDDPSQSANLLAEAKKLNDAQAPK,VDNKFNKEFSVAGREIKTLPNLNDPQKKAFKISLWDDPSQSANLLAEAKKLNDAQAPK
VDNKFNKELQNAVYEILHLPNLNEEQRNAFLQSLKDDPSQSANLLAEAKKLNDAQAPK,VDNKFNKENSVAGREIITLPNLNDPQKKAFVNSLWDDPSQSANLLAEAKKLNDAQAPK
VDNKFNKEVQNAFYEILHLPNLNEEQRNAFLQSLKDDPSQSANLLAEAKKLNDAQAPK,VDNKFNKEFSVAGREIITLPNLNDPQKKAFIFSLWDDPSQSANLLAEAKKLNDAQAPK
VDNKFNKEHQNAIYEILHLPNLNEEQRNAFFQSLKDDPSQSANLLAEAKKLNDAQAPK,VDNKFNKEFSVAGREIITLPNLNDPQKKAFVVSLWDDPSQSANLLAEAKKLNDAQAPK
VDNKFNKEVQNAVYEIFHLPNLNEEQRNAFFQSLKDDPSQSANLLAEAKKLNDAQAPK,VDNKFNKEFSVAGREIITLPNLNDPQKKAFNVSLWDDPSQSANLLAEAKKLNDAQAPK
VDNKFNKELQNAEYEILHLPNLNEEQRNAFVQSLKDDPSQSANLLAEAKKLNDAQAPK,VDNKFNKELSVAGREILTLPNLNDPQKKAFVKSLWDDPSQSANLLAEAKKLNDAQAPK
VDNKFNKELQNAFYEILHLPNLNEEQRNAFFQSLKDDPSQSANLLAEAKKLNDAQAPK,VDNKFNKEFSVAGREIITLPNLNDPQKKAFKVSLWDDPSQSANLLAEAKKLNDAQAPK
VDNKFNKEVQNAFYEILHLPNLNEEQRNAFFQSLKDDPSQSANLLAEAKKLNDAQAPK,VDNKFNKEVSVAGREINTLPNLNDPQKKAFVVSLWDDPSQSANLLAEAKKLNDAQAPK
VDNKFNKELQNAFYEILHLPNLNEEQRNAFFQSLKDDPSQSANLLAEAKKLNDAQAPK,VDNKFNKELSVAGREIITLPNLNDPQKKAFIHSLWDDPSQSANLLAEAKKLNDAQAPK
VDNKFNKELQNAVYEILHLPNLNEEQRNAFVQSLKDDPSQSANLLAEAKKLNDAQAPK,VDNKFNKEDSVAGREILTLPNLNDPQKKAFYNSLWDDPSQSANLLAEAKKLNDAQAPK
VDNKFNKELQNAFYEILHLPNLNEEQRNAFVQSLKDDPSQSANLLAEAKKLNDAQAPK,VDNKFNKELSVAGREIITLPNLNDPQKKAFVISLWDDPSQSANLLAEAKKLNDAQAPK
VDNKFNKEIQNAVYEILHLPNLNEEQRNAFFQSLKDDPSQSANLLAEAKKLNDAQAPK,VDNKFNKEYSVAGREIITLPNLNDPQKKAFIKSLWDDPSQSANLLAEAKKLNDAQAPK
VDNKFNKELQNAVYEIYHLPNLNEEQRNAFHQSLKDDPSQSANLLAEAKKLNDAQAPK,VDNKFNKEFSVAGREIITLPNLNDPQKKAFVFSLWDDPSQSANLLAEAKKLNDAQAPK
VDNKFNKELQNAVYEIYHLPNLNEEQRNAFFQSLKDDPSQSANLLAEAKKLNDAQAPK,VDNKFNKELSVAGREIITLPNLNDPQKKAFVKSLWDDPSQSANLLAEAKKLNDAQAPK
VDNKFNKEVQNAVYEIFHLPNLNEEQRNAFLQSLKDDPSQSANLLAEAKKLNDAQAPK,VDNKFNKELSVAGREIETLPNLNDPQKKAFIISLWDDPSQSANLLAEAKKLNDAQAPK
VDNKFNKELQNAVYEILHLPNLNEEQRNAFLQSLKDDPSQSANLLAEAKKLNDAQAPK,VDNKFNKELSVAGREIVTLPNLNDPQKKAFVNSLWDDPSQSANLLAEAKKLNDAQAPK
VDNKFNKEVQNAFYEILHLPNLNEEQRNAFFQSLKDDPSQSANLLAEAKKLNDAQAPK,VDNKFNKEFSVAGREINTLPNLNDPQKKAFIFSLWDDPSQSANLLAEAKKLNDAQAPK
VDNKFNKELQNAVYEIFHLPNLNEEQRNAFVQSLKDDPSQSANLLAEAKKLNDAQAPK,VDNKFNKEFSVAGREIKTLPNLNDPQKKAFVVSLWDDPSQSANLLAEAKKLNDAQAPK
VDNKFNKENQNAIYEIYHLPNLNEEQRNAFLQSLKDDPSQSANLLAEAKKLNDAQAPK,VDNKFNKEISVAGREIITLPNLNDPQKKAFVKSLWDDPSQSANLLAEAKKLNDAQAPK
VDNKFNKELQNAVYEILHLPNLNEEQRNAFIQSLKDDPSQSANLLAEAKKLNDAQAPK,VDNKFNKEISVAGREIITLPNLNDPQKKAFIISLWDDPSQSANLLAEAKKLNDAQAPK
VDNKFNKEVQNAVYEILHLPNLNEEQRNAFLQSLKDDPSQSANLLAEAKKLNDAQAPK,VDNKFNKEFSVAGREIITLPNLNDPQKKAFIFSLWDDPSQSANLLAEAKKLNDAQAPK
VDNKFNKEVQNAVYEILHLPNLNEEQRNAFFQSLKDDPSQSANLLAEAKKLNDAQAPK,VDNKFNKEISVAGREIVTLPNLNDPQKKAFNLSLWDDPSQSANLLAEAKKLNDAQAPK
VDNKFNKEVQNAVYEILHLPNLNEEQRNAFFQSLKDDPSQSANLLAEAKKLNDAQAPK,VDNKFNKEVSVAGREIITLPNLNDPQKKAFIFSLWDDPSQSANLLAEAKKLNDAQAPK
VDNKFNKEVQNAFYEILHLPNLNEEQRNAFVQSLKDDPSQSANLLAEAKKLNDAQAPK,VDNKFNKEISVAGREIVTLPNLNDPQKKAFIHSLWDDPSQSANLLAEAKKLNDAQAPK
VDNKFNKEVQNAFYEILHLPNLNEEQRNAFVQSLKDDPSQSANLLAEAKKLNDAQAPK,VDNKFNKELSVAGREIITLPNLNDPQKKAFVYSLWDDPSQSANLLAEAKKLNDAQAPK
VDNKFNKELQNAVYEILHLPNLNEEQRNAFIQSLKDDPSQSANLLAEAKKLNDAQAPK,VDNKFNKEYSVAGREIITLPNLNDPQKKAFVISLWDDPSQSANLLAEAKKLNDAQAPK
VDNKFNKEEQNAYYEIKHLPNLNEEQRNAFKQSLKDDPSQSANLLAEAKKLNDAQAPK,VDNKFNKELSVAGREIDTLPNLNDPQKKAFKISLWDDPSQSANLLAEAKKLNDAQAPK
VDNKFNKELQNADYEILHLPNLNEEQRNAFFQSLKDDPSQSANLLAEAKKLNDAQAPK,VDNKFNKELSVAGREIITLPNLNDPQKKAFIVSLWDDPSQSANLLAEAKKLNDAQAPK
VDNKFNKELQNALYEILHLPNLNEEQRNAFFQSLKDDPSQSANLLAEAKKLNDAQAPK,VDNKFNKEFSVAGREIVTLPNLNDPQKKAFFVSLWDDPSQSANLLAEAKKLNDAQAPK
VDNKFNKELQNAVYEIIHLPNLNEEQRNAFLQSLKDDPSQSANLLAEAKKLNDAQAPK,VDNKFNKEFSVAGREIITLPNLNDPQKKAFVVSLWDDPSQSANLLAEAKKLNDAQAPK
VDNKFNKELQNAFYEIFHLPNLNEEQRNAFFQSLKDDPSQSANLLAEAKKLNDAQAPK,VDNKFNKEFSVAGREIITLPNLNDPQKKAFINSLWDDPSQSANLLAEAKKLNDAQAPK
VDNKFNKELQNAVYEILHLPNLNEEQRNAFVQSLKDDPSQSANLLAEAKKLNDAQAPK,VDNKFNKELSVAGREIKTLPNLNDPQKKAFVISLWDDPSQSANLLAEAKKLNDAQAPK
VDNKFNKEHQNAVYEILHLPNLNEEQRNAFFQSLKDDPSQSANLLAEAKKLNDAQAPK,VDNKFNKEFSVAGREIVTLPNLNDPQKKAFILSLWDDPSQSANLLAEAKKLNDAQAPK
VDNKFNKELQNAVYEIFHLPNLNEEQRNAFEQSLKDDPSQSANLLAEAKKLNDAQAPK,VDNKFNKENSVAGREIITLPNLNDPQKKAFHDSLWDDPSQSANLLAEAKKLNDAQAPK
